id;name;volume;unit;description
1;Grocery Infrastructure;20042;Practical white;systematic
2;Seamless web Computer;70847;Industrial back-end;Account Account
3;Palau Research Developer;16515;methodology;Switzerland digital Persistent
4;Serbian protocol;37354;International National;azure Shoes
5;Customer invoice Wooden;3399;Dollar alarm;CSS client-server hybrid
6;port distributed deploy;31938;Intelligent District neural;Texas Regional PCI
7;Forward;61484;rich;Tennessee Program Frozen
8;Industrial Industrial;64565;24/365 Moldovan;digital disintermediate Lilangeni
9;synthesize override;67934;mesh Czech;Refined cutting-edge
10;Planner;73833;grow 1080p zero;models
