id;name;code;ip;property;type;enable
1;systemic;1080p;system-worthy;Soap Qatar USB;Graphical Money;5072
2;Liaison;Sleek Executive Personal;Leu Metal Accountability;connecting;distributed teal indigo;12604
3;global;Towels Central;orchestrate;robust transmitting;experiences;7697
4;ADP;digital Bike Georgia;Mobility Auto;Terrace Human parse;California Human Washington;72984
5;hacking copying copying;Arab fault-tolerant;deposit Handcrafted value-added;bus;static;71289
6;Security;Gabon Fish evolve;Montana;Shilling B2C group;compressing online virtual;37054
7;program modular virtual;Zimbabwe Borders Forward;SAS;viral Rustic;bypass;93258
8;Enhanced National;Slovenia Investment;system synthesize Games;innovate Right-sized Hampshire;Quality;9575
9;Bedfordshire invoice;virtual copying;Awesome transmit Computers;metrics Supervisor facilitate;Bacon;41363
10;Proactive Wooden;Steel Delaware Facilitator;virtual turquoise;Nauru Awesome;radical communities;21462
