id;title;descriptions;content;start_at;end_at
1;Tuna integrated deposit;holistic SAS;Cambridgeshire fuchsia;2022-11-18;2022-11-18
2;generating;out-of-the-box Shoes Oval;24/7 data-warehouse;2022-11-18;2022-11-18
3;strategic Personal Triple-buffered;Ball;transmitting;2022-11-18;2022-11-18
4;Frozen maximize Metal;quantify discrete Gorgeous;Factors RSS maximize;2022-11-18;2022-11-18
5;Garden;Rustic;Hampshire green;2022-11-18;2022-11-18
6;Operations;auxiliary Direct mint;transform PCI Cuban;2022-11-18;2022-11-18
7;Florida up modular;function;Account Organic Direct;2022-11-18;2022-11-18
8;Sleek American;Hill Prairie;benchmark deposit Steel;2022-11-18;2022-11-18
9;Georgia;Account Switchable;Alaska;2022-11-18;2022-11-18
10;vertical Dynamic Developer;Solomon;purple optical;2022-11-18;2022-11-18
