id;name;description;type;volume;unit;enable
1;unleash policy Georgia;PNG reboot;overriding;20374;Carolina;86078
2;Principal;Cotton;infomediaries Kroon Loan;9482;transmit Account 24/7;9626
3;transform firewall Cambodia;calculating Minnesota;Account gold Research;56232;fuchsia Bedfordshire Palau;62941
4;Seamless;calculating;Representative Ergonomic;52250;bypassing;53182
5;silver Implementation Handmade;Loan scalable;B2C Automotive Soft;13368;Account;97596
6;Games invoice withdrawal;Account;Hollow;52007;Vanuatu Belgium Home;31360
7;Uruguay;bypass Electronics;Sausages reintermediate;58914;Fresh Soft;34547
8;generating multi-state;Towels teal fuchsia;Identity gold;72778;Liaison Kansas;9280
9;bypassing;brand Avon;Director mesh;47907;payment Mobility;28966
10;Organic Soft firewall;Mountains Cotton Ways;Solutions Programmable Ports;83439;collaboration Sheqel;77246
