id;name;property;type;volume;unit;enable
1;Generic Legacy;value-added Triple-buffered Industrial;multimedia;99960;utilisation Solutions navigate;26162
2;Customer-focused;Soap hardware;Awesome PNG;21232;hard Islands synergize;25826
3;salmon Kuwaiti;Grocery;Home;13600;Azerbaijanian;19416
4;Developer haptic;Beauty;SCSI;19904;user-centric Engineer;26968
5;Reverse-engineered plum Intelligent;4th;Brooks Village;58653;dynamic eyeballs;81057
6;hard payment;withdrawal;hardware PNG;39945;Sleek;85988
7;CSS;Keyboard;multi-byte THX Credit;68383;Loan withdrawal;68063
8;Fresh SSL;Account;RSS Hills Buckinghamshire;9930;Wooden;81791
9;Incredible AI radical;Bedfordshire Hungary;Stravenue motivating transition;42036;24/7 Savings;58031
10;Principal Identity Oval;1080p;Internal Keyboard;23752;Belgium transform Associate;69472
